-- phpMyAdmin SQL Dump
-- version 5.2.0
-- https://www.phpmyadmin.net/
--
-- Host: localhost:3306
-- Generation Time: Jun 19, 2024 at 08:03 AM
-- Server version: 8.0.30
-- PHP Version: 8.1.10

SET SQL_MODE = "NO_AUTO_VALUE_ON_ZERO";
START TRANSACTION;
SET time_zone = "+00:00";


/*!40101 SET @OLD_CHARACTER_SET_CLIENT=@@CHARACTER_SET_CLIENT */;
/*!40101 SET @OLD_CHARACTER_SET_RESULTS=@@CHARACTER_SET_RESULTS */;
/*!40101 SET @OLD_COLLATION_CONNECTION=@@COLLATION_CONNECTION */;
/*!40101 SET NAMES utf8mb4 */;

--
-- Database: `coincove`
--

-- --------------------------------------------------------

--
-- Table structure for table `adminchat`
--

CREATE TABLE `adminchat` (
  `id` int NOT NULL,
  `content` text NOT NULL,
  `type` varchar(255) NOT NULL,
  `timeSent` datetime NOT NULL DEFAULT CURRENT_TIMESTAMP,
  `userId` int NOT NULL
) ENGINE=InnoDB DEFAULT CHARSET=utf8mb4 COLLATE=utf8mb4_0900_ai_ci;

--
-- Dumping data for table `adminchat`
--

INSERT INTO `adminchat` (`id`, `content`, `type`, `timeSent`, `userId`) VALUES
(1, '12345', 'message', '2024-06-13 21:35:46', 2),
(2, '1234543245324', 'message', '2024-06-13 21:36:31', 2),
(3, '1234543245324', 'message', '2024-06-13 21:37:36', 2),
(4, 'YO BIG DAWG', 'message', '2024-06-13 21:37:44', 2),
(5, 'Helo im kai', 'question', '2024-06-16 09:59:21', 9),
(6, 'ewgtrhyjtmunbrev4wfgtthymjhm', 'question', '2024-06-17 08:37:14', 2);

-- --------------------------------------------------------

--
-- Table structure for table `credithistory`
--

CREATE TABLE `credithistory` (
  `hisortyId` int NOT NULL,
  `historyCredits` int NOT NULL,
  `historyTime` datetime NOT NULL DEFAULT CURRENT_TIMESTAMP,
  `userId` int NOT NULL
) ENGINE=InnoDB DEFAULT CHARSET=utf8mb4 COLLATE=utf8mb4_0900_ai_ci;

--
-- Dumping data for table `credithistory`
--

INSERT INTO `credithistory` (`hisortyId`, `historyCredits`, `historyTime`, `userId`) VALUES
(13, 1250, '2024-06-04 08:51:19', 2),
(14, 1249, '2024-06-04 08:54:30', 2),
(15, 1250, '2024-06-04 08:57:09', 2),
(16, 1250, '2024-06-04 08:57:16', 2),
(17, 1250, '2024-06-04 08:57:48', 2),
(18, 10124, '2024-06-04 08:58:06', 2),
(19, 10125, '2024-06-04 08:59:18', 2),
(20, 10123, '2024-06-04 09:00:16', 2),
(21, 10123, '2024-06-04 09:01:00', 2),
(22, 10122, '2024-06-04 09:01:13', 2),
(23, 2, '2024-06-04 09:02:01', 2),
(24, 2, '2024-06-04 09:05:09', 2),
(25, 2, '2024-06-04 09:05:27', 2),
(26, 2, '2024-06-04 09:06:01', 2),
(27, 2, '2024-06-04 09:06:07', 2),
(28, 3, '2024-06-04 09:13:19', 2),
(29, 4, '2024-06-04 09:13:30', 2),
(30, 5, '2024-06-04 09:13:37', 2),
(31, 6, '2024-06-04 09:13:41', 2),
(32, 7, '2024-06-04 09:13:42', 2),
(33, 8, '2024-06-04 09:13:42', 2),
(34, 9, '2024-06-04 09:13:43', 2),
(35, 10, '2024-06-04 09:13:44', 2),
(36, 11, '2024-06-04 09:13:45', 2),
(37, 12, '2024-06-04 09:13:45', 2),
(38, 13, '2024-06-04 09:13:46', 2),
(39, 14, '2024-06-04 09:13:47', 2),
(40, 15, '2024-06-04 09:13:47', 2),
(41, 16, '2024-06-04 09:13:48', 2),
(42, 17, '2024-06-04 09:13:48', 2),
(43, 18, '2024-06-04 09:13:49', 2),
(44, 19, '2024-06-04 09:13:49', 2),
(45, 20, '2024-06-04 09:13:50', 2),
(46, 21, '2024-06-04 09:13:50', 2),
(47, 22, '2024-06-04 09:13:51', 2),
(48, 23, '2024-06-04 09:13:52', 2),
(49, 24, '2024-06-04 09:13:52', 2),
(50, 25, '2024-06-04 09:13:53', 2),
(51, 10158, '2024-06-04 09:14:58', 2),
(52, 20290, '2024-06-04 09:22:26', 2),
(53, 30420, '2024-06-04 09:24:05', 2),
(54, 40550, '2024-06-04 09:24:25', 2),
(55, 50679, '2024-06-04 09:25:25', 2),
(56, 60814, '2024-06-04 09:27:47', 2),
(57, 62064, '2024-06-04 09:27:59', 2),
(58, 61965, '2024-06-05 09:50:16', 2),
(59, 63255, '2024-06-05 09:51:06', 2),
(60, 63356, '2024-06-05 09:51:19', 2),
(61, 63483, '2024-06-05 13:18:59', 2),
(62, 63500, '2024-06-05 13:18:59', 2),
(63, 63521, '2024-06-05 13:18:59', 2),
(64, 63544, '2024-06-05 13:18:59', 2),
(65, 63567, '2024-06-05 13:18:59', 2),
(66, 63590, '2024-06-05 13:18:59', 2),
(67, 63613, '2024-06-05 13:18:59', 2),
(68, 63636, '2024-06-05 13:18:59', 2),
(69, 63659, '2024-06-05 13:18:59', 2),
(70, 63682, '2024-06-05 13:18:59', 2),
(71, 63705, '2024-06-05 13:18:59', 2),
(72, 63833, '2024-06-05 13:18:59', 2),
(73, 63856, '2024-06-05 13:18:59', 2),
(74, 63879, '2024-06-05 13:18:59', 2),
(75, 63902, '2024-06-05 13:18:59', 2),
(76, 63925, '2024-06-05 13:18:59', 2),
(77, 63947, '2024-06-05 13:18:59', 2),
(78, 63970, '2024-06-05 13:18:59', 2),
(79, 63993, '2024-06-05 13:18:59', 2),
(80, 64016, '2024-06-05 13:18:59', 2),
(81, 64039, '2024-06-05 13:18:59', 2),
(82, 64062, '2024-06-05 13:18:59', 2),
(83, 64085, '2024-06-05 13:18:59', 2),
(84, 64108, '2024-06-05 13:18:59', 2),
(85, 64131, '2024-06-05 13:18:59', 2),
(86, 64154, '2024-06-05 13:18:59', 2),
(87, 64177, '2024-06-05 13:18:59', 2),
(88, 64200, '2024-06-05 13:18:59', 2),
(89, 64223, '2024-06-05 13:18:59', 2),
(90, 64246, '2024-06-05 13:18:59', 2),
(91, 64269, '2024-06-05 13:18:59', 2),
(92, 64292, '2024-06-05 13:18:59', 2),
(93, 64315, '2024-06-05 13:18:59', 2),
(94, 64338, '2024-06-05 13:18:59', 2),
(95, 64357, '2024-06-05 13:18:59', 2),
(96, 64379, '2024-06-05 13:18:59', 2),
(97, 64402, '2024-06-05 13:18:59', 2),
(98, 64425, '2024-06-05 13:18:59', 2),
(99, 64448, '2024-06-05 13:18:59', 2),
(100, 64471, '2024-06-05 13:18:59', 2),
(101, 64494, '2024-06-05 13:18:59', 2),
(102, 64517, '2024-06-05 13:18:59', 2),
(103, 64540, '2024-06-05 13:18:59', 2),
(104, 64563, '2024-06-05 13:18:59', 2),
(105, 64586, '2024-06-05 13:18:59', 2),
(106, 64609, '2024-06-05 13:18:59', 2),
(107, 64632, '2024-06-05 13:18:59', 2),
(108, 64655, '2024-06-05 13:18:59', 2),
(109, 64678, '2024-06-05 13:18:59', 2),
(110, 64701, '2024-06-05 13:18:59', 2),
(111, 64724, '2024-06-05 13:18:59', 2),
(112, 64747, '2024-06-05 13:18:59', 2),
(113, 64770, '2024-06-05 13:18:59', 2),
(114, 64793, '2024-06-05 13:18:59', 2),
(115, 64816, '2024-06-05 13:18:59', 2),
(116, 64839, '2024-06-05 13:18:59', 2),
(117, 64862, '2024-06-05 13:18:59', 2),
(118, 64885, '2024-06-05 13:18:59', 2),
(119, 64908, '2024-06-05 13:18:59', 2),
(120, 64931, '2024-06-05 13:18:59', 2),
(121, 64954, '2024-06-05 13:18:59', 2),
(122, 64977, '2024-06-05 13:18:59', 2),
(123, 65000, '2024-06-05 13:18:59', 2),
(124, 65023, '2024-06-05 13:18:59', 2),
(125, 65046, '2024-06-05 13:18:59', 2),
(126, 65068, '2024-06-05 13:18:59', 2),
(127, 65091, '2024-06-05 13:18:59', 2),
(128, 65114, '2024-06-05 13:18:59', 2),
(129, 65137, '2024-06-05 13:18:59', 2),
(130, 65160, '2024-06-05 13:18:59', 2),
(131, 65183, '2024-06-05 13:18:59', 2),
(132, 65206, '2024-06-05 13:18:59', 2),
(133, 65229, '2024-06-05 13:18:59', 2),
(134, 65252, '2024-06-05 13:18:59', 2),
(135, 65275, '2024-06-05 13:18:59', 2),
(136, 65298, '2024-06-05 13:18:59', 2),
(137, 65321, '2024-06-05 13:18:59', 2),
(138, 65344, '2024-06-05 13:18:59', 2),
(139, 65367, '2024-06-05 13:18:59', 2),
(140, 65390, '2024-06-05 13:18:59', 2),
(141, 65413, '2024-06-05 13:18:59', 2),
(142, 65436, '2024-06-05 13:18:59', 2),
(143, 65459, '2024-06-05 13:18:59', 2),
(144, 65482, '2024-06-05 13:18:59', 2),
(145, 65505, '2024-06-05 13:18:59', 2),
(146, 65528, '2024-06-05 13:18:59', 2),
(147, 65551, '2024-06-05 13:18:59', 2),
(148, 65574, '2024-06-05 13:18:59', 2),
(149, 65597, '2024-06-05 13:18:59', 2),
(150, 65620, '2024-06-05 13:18:59', 2),
(151, 65643, '2024-06-05 13:18:59', 2),
(152, 65666, '2024-06-05 13:18:59', 2),
(153, 65689, '2024-06-05 13:18:59', 2),
(154, 65712, '2024-06-05 13:18:59', 2),
(155, 65735, '2024-06-05 13:18:59', 2),
(156, 65758, '2024-06-05 13:18:59', 2),
(157, 65781, '2024-06-05 13:18:59', 2),
(158, 65804, '2024-06-05 13:18:59', 2),
(159, 65827, '2024-06-05 13:18:59', 2),
(160, 65850, '2024-06-05 13:18:59', 2),
(161, 65978, '2024-06-05 13:19:39', 2),
(162, 66106, '2024-06-05 13:21:16', 2),
(163, 66234, '2024-06-05 13:21:37', 2),
(164, 66362, '2024-06-05 13:22:27', 2),
(165, 66490, '2024-06-05 13:23:55', 2),
(166, 66618, '2024-06-05 13:23:58', 2),
(167, 66747, '2024-06-05 13:26:07', 2),
(168, 66875, '2024-06-05 13:26:33', 2),
(169, 67003, '2024-06-05 13:27:18', 2),
(170, 67130, '2024-06-05 13:28:37', 2),
(171, 138603, '2024-06-06 17:41:15', 2),
(172, 210076, '2024-06-06 17:41:23', 2),
(173, 281580, '2024-06-06 17:42:59', 2),
(174, 353094, '2024-06-06 17:44:40', 2),
(175, 424573, '2024-06-06 17:46:57', 2),
(176, 424474, '2024-06-06 20:27:06', 2),
(177, 152, '2024-06-06 20:28:31', 2),
(178, 204, '2024-06-06 20:37:20', 2),
(179, 256, '2024-06-06 20:37:23', 2),
(180, 308, '2024-06-06 20:37:58', 2),
(181, 361, '2024-06-06 20:38:01', 2),
(182, 414, '2024-06-06 20:38:07', 2),
(183, 518, '2024-06-06 20:38:32', 2),
(184, 518, '2024-06-06 20:38:34', 2),
(185, 622, '2024-06-06 20:38:37', 2),
(186, 642, '2024-06-06 20:42:59', 2),
(187, -1, '2024-06-06 20:44:49', 2),
(188, 71071, '2024-06-06 20:45:06', 2),
(189, 142170, '2024-06-06 20:47:48', 2),
(190, 213268, '2024-06-06 20:48:00', 2),
(191, 284366, '2024-06-06 20:48:16', 2),
(192, 355472, '2024-06-06 20:48:25', 2),
(193, 426593, '2024-06-06 20:52:11', 2),
(194, 50, '2024-06-06 20:52:35', 2),
(195, 50, '2024-06-06 20:52:46', 2),
(196, 0, '2024-06-06 20:55:15', 2),
(197, 71272, '2024-06-07 09:31:08', 2),
(198, 74, '2024-06-07 09:39:18', 2),
(199, 746, '2024-06-07 09:42:51', 2),
(200, 1001, '2024-06-07 10:30:04', 2),
(201, 1001, '2024-06-07 10:30:06', 2),
(202, 1001, '2024-06-07 10:30:19', 2),
(203, 1000, '2024-06-07 10:32:48', 2),
(204, 1001, '2024-06-07 11:55:41', 2),
(205, 1001, '2024-06-07 11:55:43', 2),
(206, 10001, '2024-06-07 11:55:48', 2),
(207, 10001, '2024-06-07 11:55:52', 2),
(208, 1001, '2024-06-07 11:55:53', 2),
(209, 1001, '2024-06-07 11:56:04', 2),
(210, 1001, '2024-06-07 11:56:27', 2),
(211, 1001, '2024-06-07 11:56:31', 2),
(212, 1001, '2024-06-07 11:56:41', 2),
(213, 1001, '2024-06-07 11:57:06', 2),
(214, 1001, '2024-06-07 11:57:08', 2),
(215, 10001, '2024-06-07 11:57:09', 2),
(216, 1001, '2024-06-07 11:57:17', 2),
(217, 1001, '2024-06-07 11:57:24', 2),
(218, 1001, '2024-06-07 11:57:27', 2),
(219, 10001, '2024-06-07 11:57:29', 2),
(220, 10001, '2024-06-07 11:57:31', 2),
(221, 1001, '2024-06-07 11:57:35', 2),
(222, 1001, '2024-06-07 11:57:37', 2),
(223, 1001, '2024-06-07 11:59:05', 2),
(224, 10001, '2024-06-07 11:59:21', 2),
(225, 10001, '2024-06-07 12:01:07', 2),
(226, 10001, '2024-06-07 12:01:18', 2),
(227, 1001, '2024-06-07 12:01:45', 2),
(228, 10001, '2024-06-07 12:03:02', 2),
(229, 1001, '2024-06-07 12:03:04', 2),
(230, 10001, '2024-06-07 12:03:06', 2),
(231, 1001, '2024-06-07 12:03:07', 2),
(232, 1001, '2024-06-07 12:03:10', 2),
(233, 124, '2024-06-07 12:03:12', 2),
(234, 124, '2024-06-07 12:03:38', 2),
(235, 1001, '2024-06-07 12:03:42', 2),
(236, 10001, '2024-06-07 12:03:43', 2),
(237, 10001, '2024-06-07 12:04:41', 2),
(238, 10001, '2024-06-07 12:04:42', 2),
(239, 1001, '2024-06-07 12:04:44', 2),
(240, 1001, '2024-06-07 12:04:50', 2),
(241, 10001, '2024-06-07 12:04:51', 2),
(242, 20001, '2024-06-07 12:05:19', 2),
(243, 21001, '2024-06-07 12:05:20', 2),
(244, 31001, '2024-06-07 12:05:22', 2),
(245, 41001, '2024-06-07 12:05:24', 2),
(246, 42001, '2024-06-07 12:05:25', 2),
(247, 43001, '2024-06-07 12:05:26', 2),
(248, 44001, '2024-06-07 12:05:28', 2),
(249, 44011, '2024-06-07 12:05:35', 2),
(250, 44021, '2024-06-07 12:06:17', 2),
(251, 45021, '2024-06-07 12:07:56', 2),
(252, 45050, '2024-06-07 12:08:12', 2),
(253, 46050, '2024-06-07 12:29:31', 2),
(254, 47050, '2024-06-07 12:29:42', 2),
(255, 116541, '2024-06-09 13:40:22', 2),
(256, 16542, '2024-06-09 13:40:41', 2),
(257, 26542, '2024-06-09 14:04:11', 2),
(258, 126542, '2024-06-09 14:04:27', 2),
(259, 126550, '2024-06-09 14:04:47', 2),
(260, 126600, '2024-06-09 14:04:56', 2),
(261, 131000, '2024-06-09 14:05:06', 2),
(262, 140000, '2024-06-09 14:05:15', 2),
(263, 200000, '2024-06-09 14:05:24', 2),
(264, 190000, '2024-06-09 14:51:32', 2),
(265, 140000, '2024-06-09 14:51:43', 2),
(266, 141000, '2024-06-11 12:36:47', 2),
(267, 151000, '2024-06-11 12:36:55', 2),
(268, 151012, '2024-06-11 12:37:03', 2),
(269, 151011, '2024-06-12 09:15:41', 2),
(270, 151012, '2024-06-12 09:16:55', 2),
(271, 152012, '2024-06-12 09:17:45', 2),
(272, 162012, '2024-06-12 12:03:58', 2),
(273, 10000, '2024-06-12 12:04:23', 9),
(274, 0, '2024-06-12 12:04:32', 9),
(275, 10000, '2024-06-12 20:39:47', 12),
(276, 0, '2024-06-12 20:39:58', 12),
(277, 172012, '2024-06-13 08:51:31', 2),
(278, 99161, '2024-06-13 09:06:33', 2),
(279, 90161910, '2024-06-13 09:07:39', 2),
(280, 88927343, '2024-06-13 09:11:41', 2),
(281, 1000, '2024-06-16 15:23:34', 9),
(282, 11000, '2024-06-16 15:23:39', 9),
(283, 0, '2024-06-19 09:07:57', 9),
(284, 1000, '2024-06-19 09:08:30', 9),
(285, -1, '2024-06-19 09:08:46', 9);

-- --------------------------------------------------------

--
-- Table structure for table `userinfo`
--

CREATE TABLE `userinfo` (
  `userId` int NOT NULL,
  `userDisplayName` varchar(255) NOT NULL,
  `userEmail` varchar(255) NOT NULL,
  `userPassword` varchar(255) NOT NULL,
  `userStatus` varchar(255) CHARACTER SET utf8mb4 COLLATE utf8mb4_0900_ai_ci DEFAULT NULL,
  `createdAt` datetime NOT NULL DEFAULT CURRENT_TIMESTAMP,
  `lastInlog` varchar(255) CHARACTER SET utf8mb4 COLLATE utf8mb4_0900_ai_ci DEFAULT NULL,
  `userCredits` int NOT NULL DEFAULT '0'
) ENGINE=InnoDB DEFAULT CHARSET=utf8mb4 COLLATE=utf8mb4_0900_ai_ci;

--
-- Dumping data for table `userinfo`
--

INSERT INTO `userinfo` (`userId`, `userDisplayName`, `userEmail`, `userPassword`, `userStatus`, `createdAt`, `lastInlog`, `userCredits`) VALUES
(2, 'Admin 1', 'admin@gmail.com', '$2y$10$QZI28.RTj/Oy.H4Tm.9Fquxk4qXQxSkDOFo99NIHkBIcGggLKFvha', 'admin', '2024-06-04 11:30:41', '2024-06-19 07:05:12', 88927343),
(9, 'Kai', 'verschurenkai@gmail.com', '$2y$10$KrpbePFixZCzVGczpKl.iO1BiuDUCGr3wDT3/216niEc8JzI1NXlO', 'user', '2024-06-12 13:44:36', '2024-06-19 07:07:47', -1),
(10, 'Jamie2', 'Jamiemattie@gmail.com', '$2y$10$dUBRyIMGNsboDMcihcFXO.KWoBF.nAOa5hyMIKUUk1Tig0Uhf0/0S', 'user', '2024-06-12 13:44:36', '', 0),
(12, 'Kaitje', '91733@roc-teraa.nl', '$2y$10$e94LuDtLHtrn1zFQ7I1c6.h5yE602De9HLdedG480t9i5gF2TI0lq', 'user', '2024-06-12 13:54:36', '2024-06-18 11:57:57', 0);

-- --------------------------------------------------------

--
-- Table structure for table `usersettings`
--

CREATE TABLE `usersettings` (
  `id` int NOT NULL,
  `profilePublic` int NOT NULL DEFAULT '1',
  `profileCredits` int NOT NULL DEFAULT '1',
  `profileLeaderboard` int NOT NULL DEFAULT '1',
  `userId` int NOT NULL
) ENGINE=InnoDB DEFAULT CHARSET=utf8mb4 COLLATE=utf8mb4_0900_ai_ci;

--
-- Dumping data for table `usersettings`
--

INSERT INTO `usersettings` (`id`, `profilePublic`, `profileCredits`, `profileLeaderboard`, `userId`) VALUES
(2, 1, 1, 1, 2),
(7, 1, 0, 0, 9),
(8, 1, 1, 1, 10),
(10, 1, 0, 0, 12);

-- --------------------------------------------------------

--
-- Table structure for table `userwallet`
--

CREATE TABLE `userwallet` (
  `id` int NOT NULL,
  `currency` varchar(255) NOT NULL,
  `currencyFull` varchar(255) NOT NULL,
  `amountCredits` double NOT NULL,
  `amountCrypto` double NOT NULL,
  `initialPayed` double NOT NULL,
  `timeOfPayment` timestamp NOT NULL DEFAULT CURRENT_TIMESTAMP,
  `userId` int NOT NULL
) ENGINE=InnoDB DEFAULT CHARSET=utf8mb4 COLLATE=utf8mb4_0900_ai_ci;

--
-- Dumping data for table `userwallet`
--

INSERT INTO `userwallet` (`id`, `currency`, `currencyFull`, `amountCredits`, `amountCrypto`, `initialPayed`, `timeOfPayment`, `userId`) VALUES
(91, 'BTC', 'bitcoin', 100000, 1.43885819857315, 69499.55186631, '2024-06-09 11:40:41', 2),
(92, 'BNB', 'binance-coin', 10000, 14.607716237935968, 684.56970529248, '2024-06-09 12:51:32', 2),
(93, 'DOGE', 'dogecoin', 50000, 339966.7888779585, 0.14707318960485, '2024-06-09 12:51:43', 2),
(95, 'BTC', 'bitcoin', 10000, 0.14741395708394148, 67836.181850174, '2024-06-12 10:04:32', 9),
(96, 'BTC', 'bitcoin', 10000, 0.14458698107392506, 69162.520205655, '2024-06-12 18:39:58', 12),
(97, 'BTC', 'bitcoin', 9000000, 133.3556552514642, 67488.701420491, '2024-06-13 07:07:39', 2),
(98, 'XRP', 'xrp', 1234567, 2549989.248329927, 0.4841459628932, '2024-06-13 07:11:41', 2),
(99, 'BTC', 'bitcoin', 11000, 0.16749188046110827, 65674.825368948, '2024-06-19 07:07:57', 9),
(100, 'BTC', 'bitcoin', 1, 0.000015227980888349404, 65668.587801097, '2024-06-19 07:08:46', 9);

--
-- Indexes for dumped tables
--

--
-- Indexes for table `adminchat`
--
ALTER TABLE `adminchat`
  ADD PRIMARY KEY (`id`),
  ADD KEY `userId` (`userId`);

--
-- Indexes for table `credithistory`
--
ALTER TABLE `credithistory`
  ADD PRIMARY KEY (`hisortyId`),
  ADD KEY `credithistory_ibfk_1` (`userId`);

--
-- Indexes for table `userinfo`
--
ALTER TABLE `userinfo`
  ADD PRIMARY KEY (`userId`);

--
-- Indexes for table `usersettings`
--
ALTER TABLE `usersettings`
  ADD PRIMARY KEY (`id`),
  ADD KEY `userId` (`userId`);

--
-- Indexes for table `userwallet`
--
ALTER TABLE `userwallet`
  ADD PRIMARY KEY (`id`),
  ADD KEY `userId` (`userId`);

--
-- AUTO_INCREMENT for dumped tables
--

--
-- AUTO_INCREMENT for table `adminchat`
--
ALTER TABLE `adminchat`
  MODIFY `id` int NOT NULL AUTO_INCREMENT, AUTO_INCREMENT=7;

--
-- AUTO_INCREMENT for table `credithistory`
--
ALTER TABLE `credithistory`
  MODIFY `hisortyId` int NOT NULL AUTO_INCREMENT, AUTO_INCREMENT=286;

--
-- AUTO_INCREMENT for table `userinfo`
--
ALTER TABLE `userinfo`
  MODIFY `userId` int NOT NULL AUTO_INCREMENT, AUTO_INCREMENT=13;

--
-- AUTO_INCREMENT for table `usersettings`
--
ALTER TABLE `usersettings`
  MODIFY `id` int NOT NULL AUTO_INCREMENT, AUTO_INCREMENT=11;

--
-- AUTO_INCREMENT for table `userwallet`
--
ALTER TABLE `userwallet`
  MODIFY `id` int NOT NULL AUTO_INCREMENT, AUTO_INCREMENT=101;

--
-- Constraints for dumped tables
--

--
-- Constraints for table `adminchat`
--
ALTER TABLE `adminchat`
  ADD CONSTRAINT `adminchat_ibfk_1` FOREIGN KEY (`userId`) REFERENCES `userinfo` (`userId`) ON DELETE CASCADE ON UPDATE CASCADE;

--
-- Constraints for table `usersettings`
--
ALTER TABLE `usersettings`
  ADD CONSTRAINT `usersettings_ibfk_1` FOREIGN KEY (`userId`) REFERENCES `userinfo` (`userId`) ON DELETE CASCADE ON UPDATE CASCADE;

--
-- Constraints for table `userwallet`
--
ALTER TABLE `userwallet`
  ADD CONSTRAINT `userwallet_ibfk_1` FOREIGN KEY (`userId`) REFERENCES `userinfo` (`userId`) ON DELETE CASCADE ON UPDATE CASCADE;
COMMIT;

/*!40101 SET CHARACTER_SET_CLIENT=@OLD_CHARACTER_SET_CLIENT */;
/*!40101 SET CHARACTER_SET_RESULTS=@OLD_CHARACTER_SET_RESULTS */;
/*!40101 SET COLLATION_CONNECTION=@OLD_COLLATION_CONNECTION */;
